id;uuid;status;message_status;method_name;so_gcs;so_sogcs;request_content;error_message;loaded_time;ip_address;id_benhvien;ten_benhvien;process_time;response_time
1;Oklahoma facilitate;Engineer;Exclusive Moroccan Dirham card;zero tolerance;mission-critical;Berkshire Small Plastic Pants Investor;Canadian Dollar;Berkshire Designer;2019-08-21;Bulgarian Lev navigate;Re-contextualized;web-enabled invoice withdrawal;53577;81643
2;optical;installation;Argentine Peso;Kentucky Algerian Dinar Clothing;open-source turn-key;Sausages;disintermediate Cambridgeshire hacking;bricks-and-clicks Concrete Global;2019-08-20;Enhanced deposit parsing;Borders content-based;Tasty Customer Human;63310;18870
3;even-keeled Saint Helena Pound;Internal AI optical;bypassing Marketing;Dynamic Home Loan Account Tools;Branding;Home Gloves Latvia;Ports Manager Fish;Networked;2019-08-21;navigate;program alarm;Nevada;9367;50881
4;withdrawal Ergonomic;Strategist target;Investor users dot-com;North Dakota Cambridgeshire;Re-contextualized;local Shoes;Intelligent Frozen Sausages Villages;Human;2019-08-21;Automotive Tactics architectures;Wisconsin Facilitator Incredible;reinvent;85113;26847
5;Bedfordshire;Maryland Configuration;Intranet Ergonomic Concrete Soap Zambian Kwacha;Concrete Bedfordshire;portal calculating Metal;real-time discrete redundant;Synergistic Personal Loan Account Sleek;Borders;2019-08-20;deposit;extend Unbranded Fresh Pants Tools;Practical North Dakota;3594;32815
6;Towels Specialist;Utah Computers Small Fresh Gloves;Brunei Darussalam interface;compress lavender Investment Account;backing up;Iran;Philippine Peso Metal;Strategist;2019-08-20;alliance redundant global;bypass Ameliorated;Brand;83598;42831
7;Som Rustic Frozen Keyboard ROI;Benin;Tuna Response invoice;alarm Jamaica;system Gorgeous Rubber Pants;hack;leading-edge;Ergonomic Steel Gloves;2019-08-20;Colombian Peso Unidad de Valor Real Bridge Handmade;online e-business;systems integrate;61585;94914
8;HTTP explicit;Personal Loan Account;Cambridgeshire Norfolk Island;Soap Tasty Metal Sausages Outdoors;invoice multi-byte;incubate deposit Station;parsing Investment Account;Branding Dynamic black;2019-08-21;Fantastic;Ergonomic Rubber Chicken;Handcrafted Plastic Shirt quantifying;2327;34062
9;directional Avon Solomon Islands Dollar;Personal Loan Account HTTP;schemas Specialist China;quantify multi-byte;interface Cotton Robust;user-centric Infrastructure;Managed Dobra application;Fantastic;2019-08-20;Berkshire navigating;superstructure;streamline;1083;95854
10;bypassing granular Usability;Applications Missouri deposit;Gorgeous Money Market Account;Danish Krone parse;neural Wooden Optimization;Tasty Rubber Car mindshare EXE;bandwidth Liaison;program Auto Loan Account Refined;2019-08-21;Algerian Dinar Fantastic Fresh Salad;Steel Avon Visionary;exploit transition;81279;23668
