id;uuid;created_date;ten_me_nguoi_nuoi_duong;nam_sinh;dia_chi_thuong_tru;so_cmnd_passport;dan_toc;gio_sinh;ngay_thang_nam;noi_sinh;so_lan_sinh;so_con_hien_song;so_con_trong_lan_sinh;gioi_tinh;can_nang;hien_trang;nguoi_do_de;ten_du_dinh;qr_code_image;status_app;user_approve;user_create;address_gcs;type_gcs;so;quyen_so;email_ndk;modified_date;id_benh_vien;ten_benh_vien;id_user_create;public_key;code_soft;ngay_thang_nam_cap;noi_cap;ho_ten_cha;pdf_file;status
1;Devolved;Avon web-readiness;frame multi-byte modular;Electronics;Bedfordshire Strategist;Towels applications;Zimbabwe;Bedfordshire;application scale;indigo National;Expressway;Tools Street;Arkansas reciprocal;Mountain Malaysia supply-chains;Borders hack;Pants;Tasty navigate didactic;payment schemas Industrial;calculating;withdrawal Toys white;olive;Kids Incredible;Florida THX Idaho;Licensed Visionary pixel;neural Markets Branding;maroon;superstructure;Kids;microchip;Music Salad North Carolina;circuit Forward;frictionless solution-oriented;distributed Computers;Money Market Account users Guinea;SQL lavender;transmit Wooden COM;Agent Squares;supply-chains
2;Bedfordshire;Peru withdrawal Down-sized;invoice;Liaison Tonga;Lari;Sports Global Soft;Bedfordshire Awesome Cotton Tuna;calculating yellow;Wooden;Future;pixel Phased payment;Towels Internal;seize generate;Fantastic Wooden Chips microchip;Generic;Business-focused generate grid-enabled;International card;West Virginia Keys;Factors Soft;black Beauty;Soap;Refined Granite Sausages Savings Account extensible;Course robust bricks-and-clicks;Buckinghamshire Nepalese Rupee;Forge Licensed;auxiliary;Engineer Toys Fantastic;Licensed;Marketing mobile Cayman Islands Dollar;Computer Uzbekistan;input invoice calculate;Philippine Peso parsing Triple-buffered;deposit Rand Namibia Dollar;Branding;Handcrafted Rubber Sausages;Towels Mississippi Product;Metal;complexity Direct Administrator
3;online program Refined Granite Gloves;quantifying Baby;one-to-one Connecticut;Unbranded Tugrik;models streamline;projection Maldives;withdrawal alarm Timor-Leste;Personal Loan Account Inverse;Track;Books CSS Holy See (Vatican City State);Data Tasty Steel Pants Licensed Steel Shirt;Manor;Utah zero defect;bypass e-services;Russian Federation program;Practical;emulation SQL;Persevering Gorgeous Steel Salad Associate;Fantastic whiteboard;lavender;neural Cloned Massachusetts;SCSI Communications Underpass;Officer parse;Intuitive;quantifying Phased connecting;Automated;architect;lavender;copying primary invoice;EXE;Personal Loan Account Chile foreground;connect Zimbabwe Dollar;Forward;Pre-emptive Reduced;Kids Customer;Practical AI didactic;Tunnel;Configuration
4;Jewelery monitoring Infrastructure;Gorgeous ROI implement;Saint Helena Pound;Borders;Integration;Bond Markets Units European Composite Unit (EURCO);Facilitator;Cambridgeshire;Borders Internal;open-source Ouguiya;AGP circuit;optical deposit;Pizza Fish next-generation;UIC-Franc;Generic El Salvador Colon US Dollar purple;XSS RSS Outdoors;Music copying Reduced;Chair connecting synthesizing;Adaptive black;Money Market Account;New York Concrete expedite;Solomon Islands;Wooden radical Beauty;Facilitator 24/365;Sausages bypass;Directives Baht Tasty Plastic Keyboard;bypass hard drive Hollow;Checking Account;SCSI;Technician Architect calculate;Auto Loan Account;Movies Sports;target;compress UAE Dirham Dam;Wells;partnerships Terrace Hat;calculating conglomeration bypassing;Kroon deposit systemic
5;Liaison Grocery capacitor;applications invoice unleash;methodologies;e-services;program override red;payment efficient RSS;Vietnam Mouse;SDD;Cheese Summit Saint Martin;Auto Loan Account;4th generation;Principal Savings Account online;Music Savings Account;Ethiopian Birr architectures;Networked;Handcrafted Rubber Gloves;South Carolina;website Curve;Circles;disintermediate Walks Credit Card Account;payment;XSS solid state Handmade Granite Fish;Concrete;Planner;Health;Savings Account Rupiah;back up Tactics;Borders;PCI;Sports;24/365;Frozen;magenta Turkish Lira;green Chicken Tasty;Metal Lead;Communications Generic Granite Gloves;Accountability Assurance Auto Loan Account;seamless indexing Handcrafted
6;Malta Auto Loan Account online;deposit Central African Republic;markets protocol Savings Account;Shoes HDD;utilisation;out-of-the-box Pizza;systems Sleek Wooden Towels Clothing;Fundamental Designer;Borders Intelligent whiteboard;Practical Steel Mouse;indexing;XSS;mindshare navigating Money Market Account;drive Analyst Awesome Fresh Hat;Michigan Clothing;Borders HDD;redundant withdrawal Planner;National;benchmark;invoice program;synthesize;Investor Tuna;redefine;Shirt SDD;communities Refined;Pike Borders;payment Rustic;envisioneer Coordinator;SMTP;matrices;Savings Account redefine Multi-channelled;Team-oriented;initiatives;Jordan;Uganda Shilling Cotton;Persevering Personal Loan Account;De-engineered strategic integrate;array payment
7;optical transmitter;Utah COM;Botswana;zero defect;Granite;Program;deposit;Estate;Incredible Sleek Arizona;Shirt Architect Developer;Automotive;invoice;Minnesota Open-architected Lebanon;Tugrik Wooden;Plastic;capacitor;feed;Officer;feed;communities;Officer Quality-focused invoice;Identity Lek Bedfordshire;transmitting COM;Music Data East Caribbean Dollar;Savings Account Branding navigating;payment Incredible deposit;Checking Account utilisation AI;USB primary Iowa;Refined withdrawal copy;Kuwaiti Dinar solid state program;help-desk SAS embrace;Nigeria;firmware;seamless mesh;disintermediate Jordan Savings Account;deploy Advanced;New Mexico;Pakistan Rupee
8;connect Berkshire;XSS Suriname;Lead cross-platform;enable;Moldova Operative;Investment Account generate;synthesize capacitor Andorra;violet Outdoors deposit;Functionality invoice streamline;Applications;yellow Shoes;Open-source multi-tasking;Data;Moldova archive;monitor morph;networks Granite Computer;CSS haptic Fish;Licensed;white Principal;Avon neural;integrate New Caledonia;Solutions;invoice Cambridgeshire;Secured olive;Shirt next-generation;Legacy efficient Exclusive;definition transmitter navigating;Trinidad and Tobago Dollar Licensed Savings Account;interfaces Mouse;bus;Field Bermuda Chair;deposit;sky blue deposit;benchmark;Sleek Wooden Chips bi-directional;Russian Ruble deploy;Roads feed;Director
9;bypassing;array Virginia;bypass;Generic;Savings Account monetize one-to-one;extensible Practical Granite Bacon;Turkish Lira;Profit-focused;system-worthy Credit Card Account;Denmark hub collaboration;Tasty Cotton Tuna efficient Producer;Hill Awesome Rubber Computer;Directives payment override;Indonesia;content;back up B2C invoice;Via enhance Cotton;Chair Producer Accounts;Switchable Kyat;Money Market Account;1080p;Rubber connecting back-end;Small Wooden Gloves Expanded viral;Incredible Integration;Bedfordshire navigating;Village;XML Sausages;Borders Planner navigating;Cambridgeshire;Granite quantifying;CFA Franc BEAC Syrian Arab Republic;back-end digital secured line;Graphic Interface;Keyboard;Future-proofed Metrics North Carolina;generating Granite FTP;Investment Account Rubber Legacy;Gloves Cambridgeshire revolutionize
10;withdrawal;Sleek Steel Hat;Versatile;San Marino;Cotton Money Market Account Optimization;solutions Refined deposit;Kids;withdrawal Shirt;South Carolina;Ferry;Cambridgeshire;Generic Metal Gloves Administrator Devolved;Rustic;data-warehouse Intelligent Saudi Riyal;Home Loan Account;Manager open-source;orange Soap;Suriname models;optical;Ports pink;Iraq Buckinghamshire;interface;Supervisor Inverse Granite;Jewelery logistical;Belize Dollar sky blue Savings Account;Sports;Personal Loan Account;primary;Sleek Cotton Computer intermediate withdrawal;compressing Rustic;Wooden FTP;alarm;cross-platform Investment Account;Key mobile Direct;Licensed withdrawal Quality;markets Extended programming;Triple-buffered;Stream withdrawal withdrawal
